SMILES,Input_SMILES,Tanimoto,NLL
O=C(NS(=O)(=O)c1ccc(N2CCN(CC3CC3)CC2=O)cc1)c1ccc(N2CCOCC2)c(Cl)c1,CC1(C)CCC(CN2CCN(c3ccc(C(=O)NS(=O)(=O)c4ccc(NCC5CCOCC5)c([N+](=O)[O-])c4)c(Oc4cnc5[nH]ccc5c4)c3)CC2)=C(c2ccc(Cl)cc2)C1,0.3317307692307692,4.7
O=C(NS(=O)(=O)c1ccc(N2CCN(CC3CC3)C2=O)cc1)c1ccc(N2CCOCC2)c(Cl)c1,CC1(C)CCC(CN2CCN(c3ccc(C(=O)NS(=O)(=O)c4ccc(NCC5CCOCC5)c([N+](=O)[O-])c4)c(Oc4cnc5[nH]ccc5c4)c3)CC2)=C(c2ccc(Cl)cc2)C1,0.3173076923076923,5.62
O=C(NS(=O)(=O)c1ccc(N2CCN(CC3CC3)CC2=O)cc1)c1ccc(NCC2CC2)c(Cl)c1,CC1(C)CCC(CN2CCN(c3ccc(C(=O)NS(=O)(=O)c4ccc(NCC5CCOCC5)c([N+](=O)[O-])c4)c(Oc4cnc5[nH]ccc5c4)c3)CC2)=C(c2ccc(Cl)cc2)C1,0.33170731707317075,5.66
O=C(NS(=O)(=O)c1ccc(N2CCN(CC3CC3)CC2)cc1)c1ccc(N2CCOCC2)c(Cl)c1,CC1(C)CCC(CN2CCN(c3ccc(C(=O)NS(=O)(=O)c4ccc(NCC5CCOCC5)c([N+](=O)[O-])c4)c(Oc4cnc5[nH]ccc5c4)c3)CC2)=C(c2ccc(Cl)cc2)C1,0.35467980295566504,5.68
O=C(NS(=O)(=O)c1ccc(N2CCN(CC(F)(F)F)CC2)cc1)c1ccc(N2CCOCC2)c(Cl)c1,CC1(C)CCC(CN2CCN(c3ccc(C(=O)NS(=O)(=O)c4ccc(NCC5CCOCC5)c([N+](=O)[O-])c4)c(Oc4cnc5[nH]ccc5c4)c3)CC2)=C(c2ccc(Cl)cc2)C1,0.3142857142857143,5.7
O=C(NS(=O)(=O)c1ccc(N2CCN(CC(F)(F)F)CC2)cc1)c1ccc(N2CCOCC2)c([N+](=O)[O-])c1,CC1(C)CCC(CN2CCN(c3ccc(C(=O)NS(=O)(=O)c4ccc(NCC5CCOCC5)c([N+](=O)[O-])c4)c(Oc4cnc5[nH]ccc5c4)c3)CC2)=C(c2ccc(Cl)cc2)C1,0.3444976076555024,5.71
O=C(NS(=O)(=O)c1ccc(Cl)cc1)c1ccc(N2CCN(CC3CC3)CC2=O)cc1Oc1cncc(Cl)c1,CC1(C)CCC(CN2CCN(c3ccc(C(=O)NS(=O)(=O)c4ccc(NCC5CCOCC5)c([N+](=O)[O-])c4)c(Oc4cnc5[nH]ccc5c4)c3)CC2)=C(c2ccc(Cl)cc2)C1,0.40298507462686567,5.74
O=C(NS(=O)(=O)c1ccc(OCC(F)(F)F)cc1)c1ccc(N2CCN(CC3CC3)CC2=O)cc1Oc1cncc(F)c1,CC1(C)CCC(CN2CCN(c3ccc(C(=O)NS(=O)(=O)c4ccc(NCC5CCOCC5)c([N+](=O)[O-])c4)c(Oc4cnc5[nH]ccc5c4)c3)CC2)=C(c2ccc(Cl)cc2)C1,0.3470319634703196,5.93
O=C(NS(=O)(=O)c1ccc(N2CCN(Cc3ccccc3)CC2=O)cc1)c1ccc(NCC2CC2)c(Cl)c1,CC1(C)CCC(CN2CCN(c3ccc(C(=O)NS(=O)(=O)c4ccc(NCC5CCOCC5)c([N+](=O)[O-])c4)c(Oc4cnc5[nH]ccc5c4)c3)CC2)=C(c2ccc(Cl)cc2)C1,0.3605769230769231,6.03
O=C(NS(=O)(=O)c1ccc(N2CCN(CC3CC3)CC2)c(Cl)c1)c1ccc(N2CCOCC2)c(Cl)c1,CC1(C)CCC(CN2CCN(c3ccc(C(=O)NS(=O)(=O)c4ccc(NCC5CCOCC5)c([N+](=O)[O-])c4)c(Oc4cnc5[nH]ccc5c4)c3)CC2)=C(c2ccc(Cl)cc2)C1,0.3317307692307692,6.12
O=C(NS(=O)(=O)c1ccc(N2CCN(CC3CCC3)CC2=O)cc1)c1ccc(N2CCOCC2)c(Cl)c1,CC1(C)CCC(CN2CCN(c3ccc(C(=O)NS(=O)(=O)c4ccc(NCC5CCOCC5)c([N+](=O)[O-])c4)c(Oc4cnc5[nH]ccc5c4)c3)CC2)=C(c2ccc(Cl)cc2)C1,0.3333333333333333,6.15
O=C(NS(=O)(=O)c1ccc(N2CCN(CC3CC3)C2=O)cc1)c1ccc(NCC2CC2)c(Cl)c1,CC1(C)CCC(CN2CCN(c3ccc(C(=O)NS(=O)(=O)c4ccc(NCC5CCOCC5)c([N+](=O)[O-])c4)c(Oc4cnc5[nH]ccc5c4)c3)CC2)=C(c2ccc(Cl)cc2)C1,0.3170731707317073,6.2
O=C(NS(=O)(=O)c1ccc(Cl)cc1)c1ccc(N2CCN(CC3CC3)CC2=O)c(Oc2cnc(Cl)s2)c1,CC1(C)CCC(CN2CCN(c3ccc(C(=O)NS(=O)(=O)c4ccc(NCC5CCOCC5)c([N+](=O)[O-])c4)c(Oc4cnc5[nH]ccc5c4)c3)CC2)=C(c2ccc(Cl)cc2)C1,0.3222748815165877,6.2
O=C(NS(=O)(=O)c1ccc(N2CCN(Cc3cccs3)CC2=O)cc1)c1ccc(NCC2CC2)c(Cl)c1,CC1(C)CCC(CN2CCN(c3ccc(C(=O)NS(=O)(=O)c4ccc(NCC5CCOCC5)c([N+](=O)[O-])c4)c(Oc4cnc5[nH]ccc5c4)c3)CC2)=C(c2ccc(Cl)cc2)C1,0.34615384615384615,6.32
O=C(NS(=O)(=O)c1ccccc1)c1ccc(N2CCN(CC3CC3)CC2=O)cc1Oc1cncc(Cl)c1,CC1(C)CCC(CN2CCN(c3ccc(C(=O)NS(=O)(=O)c4ccc(NCC5CCOCC5)c([N+](=O)[O-])c4)c(Oc4cnc5[nH]ccc5c4)c3)CC2)=C(c2ccc(Cl)cc2)C1,0.36585365853658536,6.37
O=C(NS(=O)(=O)c1ccc(N2CCOCC2=O)c([N+](=O)[O-])c1)c1ccc(N2CCOCC2)c(Cl)c1,CC1(C)CCC(CN2CCN(c3ccc(C(=O)NS(=O)(=O)c4ccc(NCC5CCOCC5)c([N+](=O)[O-])c4)c(Oc4cnc5[nH]ccc5c4)c3)CC2)=C(c2ccc(Cl)cc2)C1,0.3125,6.37
O=C(NS(=O)(=O)c1ccc(N2CCN(CC(F)(F)F)CC2)cc1)c1ccc(NCC2CC2)c(Cl)c1,CC1(C)CCC(CN2CCN(c3ccc(C(=O)NS(=O)(=O)c4ccc(NCC5CCOCC5)c([N+](=O)[O-])c4)c(Oc4cnc5[nH]ccc5c4)c3)CC2)=C(c2ccc(Cl)cc2)C1,0.36,6.42
O=C(NS(=O)(=O)c1ccc(OCC(F)(F)F)cc1)c1ccc(N2CCN(CC3CC3)CC2=O)cc1Oc1cnc(Cl)s1,CC1(C)CCC(CN2CCN(c3ccc(C(=O)NS(=O)(=O)c4ccc(NCC5CCOCC5)c([N+](=O)[O-])c4)c(Oc4cnc5[nH]ccc5c4)c3)CC2)=C(c2ccc(Cl)cc2)C1,0.3394495412844037,6.47
O=C(NS(=O)(=O)c1ccc(Cl)s1)c1ccc(N2CCN(CC3CC3)CC2=O)cc1Oc1cncc(Cl)c1,CC1(C)CCC(CN2CCN(c3ccc(C(=O)NS(=O)(=O)c4ccc(NCC5CCOCC5)c([N+](=O)[O-])c4)c(Oc4cnc5[nH]ccc5c4)c3)CC2)=C(c2ccc(Cl)cc2)C1,0.34134615384615385,6.49
O=C(NS(=O)(=O)c1ccc(Cl)cc1)c1ccc(N2CCN(CC3CC3)CC2=O)c(Cl)c1,CC1(C)CCC(CN2CCN(c3ccc(C(=O)NS(=O)(=O)c4ccc(NCC5CCOCC5)c([N+](=O)[O-])c4)c(Oc4cnc5[nH]ccc5c4)c3)CC2)=C(c2ccc(Cl)cc2)C1,0.29207920792079206,6.53
O=C(NS(=O)(=O)c1ccc(N2CCN(Cc3ccccc3Cl)CC2=O)cc1)c1ccc(NCC2CC2)c(Cl)c1,CC1(C)CCC(CN2CCN(c3ccc(C(=O)NS(=O)(=O)c4ccc(NCC5CCOCC5)c([N+](=O)[O-])c4)c(Oc4cnc5[nH]ccc5c4)c3)CC2)=C(c2ccc(Cl)cc2)C1,0.35714285714285715,6.56
O=C(NS(=O)(=O)c1ccc(N2CCN(Cc3ccccc3Cl)CC2=O)cc1)c1ccc(NCC2CC2)c([N+](=O)[O-])c1,CC1(C)CCC(CN2CCN(c3ccc(C(=O)NS(=O)(=O)c4ccc(NCC5CCOCC5)c([N+](=O)[O-])c4)c(Oc4cnc5[nH]ccc5c4)c3)CC2)=C(c2ccc(Cl)cc2)C1,0.4077669902912621,6.56
O=C(NS(=O)(=O)c1ccc(N2CCOCC2=O)c(Cl)c1)c1ccc(N2CCOCC2)c(Cl)c1,CC1(C)CCC(CN2CCN(c3ccc(C(=O)NS(=O)(=O)c4ccc(NCC5CCOCC5)c([N+](=O)[O-])c4)c(Oc4cnc5[nH]ccc5c4)c3)CC2)=C(c2ccc(Cl)cc2)C1,0.27014218009478674,6.63
O=C(NS(=O)(=O)c1ccc(N2CCOCC2=O)cc1)c1ccc(N2CCN(CC3CC3)CC2)c(Cl)c1,CC1(C)CCC(CN2CCN(c3ccc(C(=O)NS(=O)(=O)c4ccc(NCC5CCOCC5)c([N+](=O)[O-])c4)c(Oc4cnc5[nH]ccc5c4)c3)CC2)=C(c2ccc(Cl)cc2)C1,0.33816425120772947,6.73
O=C(NS(=O)(=O)c1ccc(N2CCN(Cc3ccc(Cl)s3)CC2=O)cc1)c1ccc(NCC2CC2)c(Cl)c1,CC1(C)CCC(CN2CCN(c3ccc(C(=O)NS(=O)(=O)c4ccc(NCC5CCOCC5)c([N+](=O)[O-])c4)c(Oc4cnc5[nH]ccc5c4)c3)CC2)=C(c2ccc(Cl)cc2)C1,0.3492822966507177,6.76
O=C(NS(=O)(=O)c1ccc(N2CCOCC2=O)c(Cl)c1)c1ccc(N2CCN(CC3CC3)CC2)cc1,CC1(C)CCC(CN2CCN(c3ccc(C(=O)NS(=O)(=O)c4ccc(NCC5CCOCC5)c([N+](=O)[O-])c4)c(Oc4cnc5[nH]ccc5c4)c3)CC2)=C(c2ccc(Cl)cc2)C1,0.35121951219512193,6.77
O=C(NS(=O)(=O)c1ccc(Cl)c(Cl)c1)c1ccc(N2CCN(CC3CC3)CC2=O)cc1Oc1cncc(Cl)c1,CC1(C)CCC(CN2CCN(c3ccc(C(=O)NS(=O)(=O)c4ccc(NCC5CCOCC5)c([N+](=O)[O-])c4)c(Oc4cnc5[nH]ccc5c4)c3)CC2)=C(c2ccc(Cl)cc2)C1,0.3786407766990291,6.78
CN(C)c1ccc(S(=O)(=O)NC(=O)c2ccc(N3CCN(CCO)CC3)c(Oc3cncnc3)c2)cc1,CC1(C)CCC(CN2CCN(c3ccc(C(=O)NS(=O)(=O)c4ccc(NCC5CCOCC5)c([N+](=O)[O-])c4)c(Oc4cnc5[nH]ccc5c4)c3)CC2)=C(c2ccc(Cl)cc2)C1,0.308411214953271,6.78
O=C(NS(=O)(=O)c1ccc(N2CCN(CC3CC3)CC2=O)cc1)c1ccc(N2CCOCC2)c([N+](=O)[O-])c1,CC1(C)CCC(CN2CCN(c3ccc(C(=O)NS(=O)(=O)c4ccc(NCC5CCOCC5)c([N+](=O)[O-])c4)c(Oc4cnc5[nH]ccc5c4)c3)CC2)=C(c2ccc(Cl)cc2)C1,0.3557692307692308,6.78
O=C(NS(=O)(=O)c1ccc(F)cc1)c1ccc(N2CCN(CC3CC3)CC2=O)cc1Oc1cncc(Cl)c1,CC1(C)CCC(CN2CCN(c3ccc(C(=O)NS(=O)(=O)c4ccc(NCC5CCOCC5)c([N+](=O)[O-])c4)c(Oc4cnc5[nH]ccc5c4)c3)CC2)=C(c2ccc(Cl)cc2)C1,0.38235294117647056,6.79
O=C(NS(=O)(=O)c1ccc(N2CCN(CC3CC3)CC2=O)cc1)c1ccc(NC2CCCCC2)c(Cl)c1,CC1(C)CCC(CN2CCN(c3ccc(C(=O)NS(=O)(=O)c4ccc(NCC5CCOCC5)c([N+](=O)[O-])c4)c(Oc4cnc5[nH]ccc5c4)c3)CC2)=C(c2ccc(Cl)cc2)C1,0.3023255813953488,6.81
O=C(NS(=O)(=O)c1ccc(F)cc1)c1ccc(N2CCN(CC3CC3)CC2=O)c(Oc2cnc(Cl)s2)c1,CC1(C)CCC(CN2CCN(c3ccc(C(=O)NS(=O)(=O)c4ccc(NCC5CCOCC5)c([N+](=O)[O-])c4)c(Oc4cnc5[nH]ccc5c4)c3)CC2)=C(c2ccc(Cl)cc2)C1,0.29767441860465116,6.81
CN(C)c1ccc(S(=O)(=O)NC(=O)c2ccc(N3CCN(CC4CC4)CC3)c(F)c2)cc1[N+](=O)[O-],CC1(C)CCC(CN2CCN(c3ccc(C(=O)NS(=O)(=O)c4ccc(NCC5CCOCC5)c([N+](=O)[O-])c4)c(Oc4cnc5[nH]ccc5c4)c3)CC2)=C(c2ccc(Cl)cc2)C1,0.3415841584158416,6.83
O=C(NS(=O)(=O)c1ccc(N2CCOCC2=O)c(Cl)c1)c1ccc(N2CCOCC2)cc1,CC1(C)CCC(CN2CCN(c3ccc(C(=O)NS(=O)(=O)c4ccc(NCC5CCOCC5)c([N+](=O)[O-])c4)c(Oc4cnc5[nH]ccc5c4)c3)CC2)=C(c2ccc(Cl)cc2)C1,0.2975609756097561,6.85
O=C(NS(=O)(=O)c1ccc(N2CCN(CC3CC3)CC2=O)cc1)c1ccc(N2CCOCC2)c(F)c1,CC1(C)CCC(CN2CCN(c3ccc(C(=O)NS(=O)(=O)c4ccc(NCC5CCOCC5)c([N+](=O)[O-])c4)c(Oc4cnc5[nH]ccc5c4)c3)CC2)=C(c2ccc(Cl)cc2)C1,0.319047619047619,6.89
O=C(NS(=O)(=O)c1ccc(N2CCN(CC3CCCO3)CC2)cc1)c1ccc(N2CCOCC2)c(Cl)c1,CC1(C)CCC(CN2CCN(c3ccc(C(=O)NS(=O)(=O)c4ccc(NCC5CCOCC5)c([N+](=O)[O-])c4)c(Oc4cnc5[nH]ccc5c4)c3)CC2)=C(c2ccc(Cl)cc2)C1,0.33649289099526064,6.89
O=C(NS(=O)(=O)c1ccc(N2CCOCC2=O)c(Cl)c1)c1ccc(N2CCOCC2)nc1,CC1(C)CCC(CN2CCN(c3ccc(C(=O)NS(=O)(=O)c4ccc(NCC5CCOCC5)c([N+](=O)[O-])c4)c(Oc4cnc5[nH]ccc5c4)c3)CC2)=C(c2ccc(Cl)cc2)C1,0.27884615384615385,6.9
O=C(NS(=O)(=O)c1ccc(N2CCNCC2)c([N+](=O)[O-])c1)c1ccc(N2CCOCC2)c(Cl)c1,CC1(C)CCC(CN2CCN(c3ccc(C(=O)NS(=O)(=O)c4ccc(NCC5CCOCC5)c([N+](=O)[O-])c4)c(Oc4cnc5[nH]ccc5c4)c3)CC2)=C(c2ccc(Cl)cc2)C1,0.3284313725490196,6.9
O=C(NS(=O)(=O)c1ccc(N2CCN(CC3CC3)CC2)c(Cl)c1)c1ccc(N2CCOCC2)c(F)c1,CC1(C)CCC(CN2CCN(c3ccc(C(=O)NS(=O)(=O)c4ccc(NCC5CCOCC5)c([N+](=O)[O-])c4)c(Oc4cnc5[nH]ccc5c4)c3)CC2)=C(c2ccc(Cl)cc2)C1,0.3317307692307692,6.91
O=C(NS(=O)(=O)c1ccc(N2CCN(CC3CC3)CC2)c(Cl)c1)c1ccc(N2CCOCC2)cc1,CC1(C)CCC(CN2CCN(c3ccc(C(=O)NS(=O)(=O)c4ccc(NCC5CCOCC5)c([N+](=O)[O-])c4)c(Oc4cnc5[nH]ccc5c4)c3)CC2)=C(c2ccc(Cl)cc2)C1,0.3613861386138614,6.94
O=C(NS(=O)(=O)c1ccc(N2CCOCC2=O)cc1)c1ccc(N2CCOCC2)c(Cl)c1,CC1(C)CCC(CN2CCN(c3ccc(C(=O)NS(=O)(=O)c4ccc(NCC5CCOCC5)c([N+](=O)[O-])c4)c(Oc4cnc5[nH]ccc5c4)c3)CC2)=C(c2ccc(Cl)cc2)C1,0.28502415458937197,6.96
O=C(NS(=O)(=O)c1ccc(N2CCOCC2=O)c([N+](=O)[O-])c1)c1ccc(N2CCOCC2)nc1,CC1(C)CCC(CN2CCN(c3ccc(C(=O)NS(=O)(=O)c4ccc(NCC5CCOCC5)c([N+](=O)[O-])c4)c(Oc4cnc5[nH]ccc5c4)c3)CC2)=C(c2ccc(Cl)cc2)C1,0.30917874396135264,6.97
O=C(NS(=O)(=O)c1ccc(OCC(F)(F)F)cc1)c1ccc(N2CCN(CC3CC3)CC2)c([N+](=O)[O-])c1,CC1(C)CCC(CN2CCN(c3ccc(C(=O)NS(=O)(=O)c4ccc(NCC5CCOCC5)c([N+](=O)[O-])c4)c(Oc4cnc5[nH]ccc5c4)c3)CC2)=C(c2ccc(Cl)cc2)C1,0.3317307692307692,6.97
O=C(NS(=O)(=O)c1ccc(Cl)cc1)c1ccc(N2CCN(CCO)CC2=O)c(Oc2cnc(Cl)s2)c1,CC1(C)CCC(CN2CCN(c3ccc(C(=O)NS(=O)(=O)c4ccc(NCC5CCOCC5)c([N+](=O)[O-])c4)c(Oc4cnc5[nH]ccc5c4)c3)CC2)=C(c2ccc(Cl)cc2)C1,0.29577464788732394,6.98
O=C(NS(=O)(=O)c1ccc(N2CCOCC2=O)c(F)c1)c1ccc(N2CCN(CC3CC3)CC2)cc1,CC1(C)CCC(CN2CCN(c3ccc(C(=O)NS(=O)(=O)c4ccc(NCC5CCOCC5)c([N+](=O)[O-])c4)c(Oc4cnc5[nH]ccc5c4)c3)CC2)=C(c2ccc(Cl)cc2)C1,0.33816425120772947,6.99
O=C(NS(=O)(=O)c1ccc(N2CCOCC2=O)c(F)c1)c1ccc(N2CCN(CC3CC3)CC2)c(Cl)c1,CC1(C)CCC(CN2CCN(c3ccc(C(=O)NS(=O)(=O)c4ccc(NCC5CCOCC5)c([N+](=O)[O-])c4)c(Oc4cnc5[nH]ccc5c4)c3)CC2)=C(c2ccc(Cl)cc2)C1,0.3222748815165877,7.0
CC(C)(C)OC(=O)Nc1ccc(S(=O)(=O)NC(=O)c2ccc(N3CCN(CC4CC4)CC3)c3[nH]cnc23)cc1,CC1(C)CCC(CN2CCN(c3ccc(C(=O)NS(=O)(=O)c4ccc(NCC5CCOCC5)c([N+](=O)[O-])c4)c(Oc4cnc5[nH]ccc5c4)c3)CC2)=C(c2ccc(Cl)cc2)C1,0.32710280373831774,7.01
O=C(NS(=O)(=O)c1ccc(N2CCOCC2=O)c([N+](=O)[O-])c1)c1ccc(N2CCOCC2)cc1,CC1(C)CCC(CN2CCN(c3ccc(C(=O)NS(=O)(=O)c4ccc(NCC5CCOCC5)c([N+](=O)[O-])c4)c(Oc4cnc5[nH]ccc5c4)c3)CC2)=C(c2ccc(Cl)cc2)C1,0.3284313725490196,7.02
O=C(NS(=O)(=O)c1ccc(N2CCOCC2=O)c([N+](=O)[O-])c1)c1ccc(N2CCOCC2)c(F)c1,CC1(C)CCC(CN2CCN(c3ccc(C(=O)NS(=O)(=O)c4ccc(NCC5CCOCC5)c([N+](=O)[O-])c4)c(Oc4cnc5[nH]ccc5c4)c3)CC2)=C(c2ccc(Cl)cc2)C1,0.3,7.02
N#Cc1ccc(S(=O)(=O)NC(=O)c2ccc(N3CCN(CC4CC4)CC3)c3[nH]c(=O)c(Cl)cc23)cc1,CC1(C)CCC(CN2CCN(c3ccc(C(=O)NS(=O)(=O)c4ccc(NCC5CCOCC5)c([N+](=O)[O-])c4)c(Oc4cnc5[nH]ccc5c4)c3)CC2)=C(c2ccc(Cl)cc2)C1,0.3269230769230769,7.03
O=C(NS(=O)(=O)c1ccc(Cl)s1)c1ccc(N2CCN(CC3CC3)CC2=O)c(Cl)c1,CC1(C)CCC(CN2CCN(c3ccc(C(=O)NS(=O)(=O)c4ccc(NCC5CCOCC5)c([N+](=O)[O-])c4)c(Oc4cnc5[nH]ccc5c4)c3)CC2)=C(c2ccc(Cl)cc2)C1,0.22857142857142856,7.04
O=C(NS(=O)(=O)c1ccc(Cl)s1)c1ccc(N2CCN(CC3CC3)CC2=O)c(Oc2cnc(Cl)s2)c1,CC1(C)CCC(CN2CCN(c3ccc(C(=O)NS(=O)(=O)c4ccc(NCC5CCOCC5)c([N+](=O)[O-])c4)c(Oc4cnc5[nH]ccc5c4)c3)CC2)=C(c2ccc(Cl)cc2)C1,0.2602739726027397,7.07
CN(C(=O)c1ccc(N2CCN(CC3CC3)CC2=O)cc1Oc1cnc(Cl)s1)S(C)(=O)=O,CC1(C)CCC(CN2CCN(c3ccc(C(=O)NS(=O)(=O)c4ccc(NCC5CCOCC5)c([N+](=O)[O-])c4)c(Oc4cnc5[nH]ccc5c4)c3)CC2)=C(c2ccc(Cl)cc2)C1,0.2583732057416268,7.09
O=C(NS(=O)(=O)c1ccc(N2CCOCC2=O)c([N+](=O)[O-])c1)c1ccc(N2CCNCC2)c(Cl)c1,CC1(C)CCC(CN2CCN(c3ccc(C(=O)NS(=O)(=O)c4ccc(NCC5CCOCC5)c([N+](=O)[O-])c4)c(Oc4cnc5[nH]ccc5c4)c3)CC2)=C(c2ccc(Cl)cc2)C1,0.3062200956937799,7.1
CC(C)NC(=O)c1ccc(N2CCN(CC(C)(C)O)CC2)c(Oc2cnc(Cl)c(Cl)c2)c1,CC1(C)CCC(CN2CCN(c3ccc(C(=O)NS(=O)(=O)c4ccc(NCC5CCOCC5)c([N+](=O)[O-])c4)c(Oc4cnc5[nH]ccc5c4)c3)CC2)=C(c2ccc(Cl)cc2)C1,0.24056603773584906,7.11
O=C(NS(=O)(=O)c1ccc(N2CCN(Cc3ccccc3)CC2=O)cc1)c1ccc(N2CCOCC2)c([N+](=O)[O-])c1,CC1(C)CCC(CN2CCN(c3ccc(C(=O)NS(=O)(=O)c4ccc(NCC5CCOCC5)c([N+](=O)[O-])c4)c(Oc4cnc5[nH]ccc5c4)c3)CC2)=C(c2ccc(Cl)cc2)C1,0.3581395348837209,7.11
O=C(NS(=O)(=O)c1ccc(N2CCOCC2=O)c(Cl)c1)c1ccc(N2CCNCC2)cc1Oc1cncc(Cl)c1,CC1(C)CCC(CN2CCN(c3ccc(C(=O)NS(=O)(=O)c4ccc(NCC5CCOCC5)c([N+](=O)[O-])c4)c(Oc4cnc5[nH]ccc5c4)c3)CC2)=C(c2ccc(Cl)cc2)C1,0.3894230769230769,7.14
CN(C)c1ccc(S(=O)(=O)NC(=O)c2ccc(N3CCN(CC4CC4)CC3)c(Oc3cncn3C)c2)cc1,CC1(C)CCC(CN2CCN(c3ccc(C(=O)NS(=O)(=O)c4ccc(NCC5CCOCC5)c([N+](=O)[O-])c4)c(Oc4cnc5[nH]ccc5c4)c3)CC2)=C(c2ccc(Cl)cc2)C1,0.3177570093457944,7.14
O=C(NS(=O)(=O)c1ccc(OCC(F)(F)F)cc1)c1ccc(N2CCN(CC3CC3)CC2)c(Cl)c1,CC1(C)CCC(CN2CCN(c3ccc(C(=O)NS(=O)(=O)c4ccc(NCC5CCOCC5)c([N+](=O)[O-])c4)c(Oc4cnc5[nH]ccc5c4)c3)CC2)=C(c2ccc(Cl)cc2)C1,0.3014354066985646,7.14
O=C(NS(=O)(=O)c1ccc(OCC(F)(F)F)cc1)c1ccc(N2CCN(CC3CC3)CC2=O)cc1Oc1cncc(Cl)c1,CC1(C)CCC(CN2CCN(c3ccc(C(=O)NS(=O)(=O)c4ccc(NCC5CCOCC5)c([N+](=O)[O-])c4)c(Oc4cnc5[nH]ccc5c4)c3)CC2)=C(c2ccc(Cl)cc2)C1,0.36574074074074076,7.16
O=C(NS(=O)(=O)c1ccc(N2CCN(CCO)CC2)cc1)c1ccc(N2CCOCC2)c(Cl)c1,CC1(C)CCC(CN2CCN(c3ccc(C(=O)NS(=O)(=O)c4ccc(NCC5CCOCC5)c([N+](=O)[O-])c4)c(Oc4cnc5[nH]ccc5c4)c3)CC2)=C(c2ccc(Cl)cc2)C1,0.32682926829268294,7.16
O=C(NS(=O)(=O)c1ccc(Cl)cc1Cl)c1ccc(N2CCN(CC3CC3)CC2=O)cc1Oc1cncc(Cl)c1,CC1(C)CCC(CN2CCN(c3ccc(C(=O)NS(=O)(=O)c4ccc(NCC5CCOCC5)c([N+](=O)[O-])c4)c(Oc4cnc5[nH]ccc5c4)c3)CC2)=C(c2ccc(Cl)cc2)C1,0.3588516746411483,7.18
O=C(NS(=O)(=O)c1ccc(N2CCN(CC3CCC3)CC2=O)cc1)c1ccc(NCC2CC2)c(Cl)c1,CC1(C)CCC(CN2CCN(c3ccc(C(=O)NS(=O)(=O)c4ccc(NCC5CCOCC5)c([N+](=O)[O-])c4)c(Oc4cnc5[nH]ccc5c4)c3)CC2)=C(c2ccc(Cl)cc2)C1,0.3333333333333333,7.19
O=C(NS(=O)(=O)c1ccc(NCC2CC2)c([N+](=O)[O-])c1)c1ccc(N2CCN(CCO)CC2)cc1,CC1(C)CCC(CN2CCN(c3ccc(C(=O)NS(=O)(=O)c4ccc(NCC5CCOCC5)c([N+](=O)[O-])c4)c(Oc4cnc5[nH]ccc5c4)c3)CC2)=C(c2ccc(Cl)cc2)C1,0.4293193717277487,7.2
O=C(NS(=O)(=O)c1ccc(N2CCN(CC3CC3)CC2=O)cc1)c1ccc(NC[C@H]2CC[C@@H](O)CC2)c(Cl)c1,CC1(C)CCC(CN2CCN(c3ccc(C(=O)NS(=O)(=O)c4ccc(NCC5CCOCC5)c([N+](=O)[O-])c4)c(Oc4cnc5[nH]ccc5c4)c3)CC2)=C(c2ccc(Cl)cc2)C1,0.32558139534883723,7.21
CN(C)c1ccc(S(=O)(=O)NC(=O)c2ccc(N3CCN(CC4CC4)CC3)c(Oc3cncnc3)c2)cc1,CC1(C)CCC(CN2CCN(c3ccc(C(=O)NS(=O)(=O)c4ccc(NCC5CCOCC5)c([N+](=O)[O-])c4)c(Oc4cnc5[nH]ccc5c4)c3)CC2)=C(c2ccc(Cl)cc2)C1,0.33490566037735847,7.22
O=C(NS(=O)(=O)c1ccc(N2CCN(Cc3ccccn3)CC2=O)cc1)c1ccc(NCC2CC2)c(Cl)c1,CC1(C)CCC(CN2CCN(c3ccc(C(=O)NS(=O)(=O)c4ccc(NCC5CCOCC5)c([N+](=O)[O-])c4)c(Oc4cnc5[nH]ccc5c4)c3)CC2)=C(c2ccc(Cl)cc2)C1,0.3605769230769231,7.23
O=C(NS(=O)(=O)c1ccc(Cl)c(Cl)c1)c1ccc(N2CCN(CCO)CC2)c(Oc2cnc(Cl)s2)c1,CC1(C)CCC(CN2CCN(c3ccc(C(=O)NS(=O)(=O)c4ccc(NCC5CCOCC5)c([N+](=O)[O-])c4)c(Oc4cnc5[nH]ccc5c4)c3)CC2)=C(c2ccc(Cl)cc2)C1,0.3018867924528302,7.24
O=C(NS(=O)(=O)c1ccc(Cl)c(Cl)c1)c1ccc(N2CCN(CCO)CC2)c(Oc2cncc(Cl)c2)c1,CC1(C)CCC(CN2CCN(c3ccc(C(=O)NS(=O)(=O)c4ccc(NCC5CCOCC5)c([N+](=O)[O-])c4)c(Oc4cnc5[nH]ccc5c4)c3)CC2)=C(c2ccc(Cl)cc2)C1,0.3349282296650718,7.25
O=C(NS(=O)(=O)c1ccc(N2CCN(CC3CCC3)C2=O)cc1)c1ccc(N2CCOCC2)c(Cl)c1,CC1(C)CCC(CN2CCN(c3ccc(C(=O)NS(=O)(=O)c4ccc(NCC5CCOCC5)c([N+](=O)[O-])c4)c(Oc4cnc5[nH]ccc5c4)c3)CC2)=C(c2ccc(Cl)cc2)C1,0.319047619047619,7.27
O=C(NS(=O)(=O)c1ccc(N2CCOCC2=O)c(Cl)c1)c1ccc(N2CCNCC2)c(Cl)c1,CC1(C)CCC(CN2CCN(c3ccc(C(=O)NS(=O)(=O)c4ccc(NCC5CCOCC5)c([N+](=O)[O-])c4)c(Oc4cnc5[nH]ccc5c4)c3)CC2)=C(c2ccc(Cl)cc2)C1,0.2641509433962264,7.27
O=C(NS(=O)(=O)c1ccc(NCC2CC2)c(Cl)c1)c1ccc(N2CCOCC2)nc1,CC1(C)CCC(CN2CCN(c3ccc(C(=O)NS(=O)(=O)c4ccc(NCC5CCOCC5)c([N+](=O)[O-])c4)c(Oc4cnc5[nH]ccc5c4)c3)CC2)=C(c2ccc(Cl)cc2)C1,0.3402061855670103,7.27
O=C(NS(=O)(=O)c1ccc(N2CCOCC2=O)cc1)c1ccc(N2CCN(CC3CC3)CC2)[n+]([O-])c1,CC1(C)CCC(CN2CCN(c3ccc(C(=O)NS(=O)(=O)c4ccc(NCC5CCOCC5)c([N+](=O)[O-])c4)c(Oc4cnc5[nH]ccc5c4)c3)CC2)=C(c2ccc(Cl)cc2)C1,0.319047619047619,7.28
O=C(NS(=O)(=O)c1ccc(N2CCOCC2=O)c(Cl)c1)c1ccc(N2CCN(CCO)CC2)cc1,CC1(C)CCC(CN2CCN(c3ccc(C(=O)NS(=O)(=O)c4ccc(NCC5CCOCC5)c([N+](=O)[O-])c4)c(Oc4cnc5[nH]ccc5c4)c3)CC2)=C(c2ccc(Cl)cc2)C1,0.32367149758454106,7.28
O=C(NS(=O)(=O)c1ccc(N2CCN(Cc3cccnc3)CC2=O)cc1)c1ccc(NCC2CC2)c(Cl)c1,CC1(C)CCC(CN2CCN(c3ccc(C(=O)NS(=O)(=O)c4ccc(NCC5CCOCC5)c([N+](=O)[O-])c4)c(Oc4cnc5[nH]ccc5c4)c3)CC2)=C(c2ccc(Cl)cc2)C1,0.3605769230769231,7.29
O=C(NS(=O)(=O)c1ccc(N2CCOCC2)c([N+](=O)[O-])c1)c1ccc(N2CCOCC2)cc1,CC1(C)CCC(CN2CCN(c3ccc(C(=O)NS(=O)(=O)c4ccc(NCC5CCOCC5)c([N+](=O)[O-])c4)c(Oc4cnc5[nH]ccc5c4)c3)CC2)=C(c2ccc(Cl)cc2)C1,0.3383084577114428,7.3
O=C(NS(=O)(=O)c1ccc(N2CCOCC2=O)c(Cl)c1)c1ccc(N2CCOCC2)c(F)c1,CC1(C)CCC(CN2CCN(c3ccc(C(=O)NS(=O)(=O)c4ccc(NCC5CCOCC5)c([N+](=O)[O-])c4)c(Oc4cnc5[nH]ccc5c4)c3)CC2)=C(c2ccc(Cl)cc2)C1,0.27014218009478674,7.32
O=C(NS(=O)(=O)c1ccc(N2CCN(CC3CC3)C2=O)cc1)c1ccc(N2CCOCC2)c([N+](=O)[O-])c1,CC1(C)CCC(CN2CCN(c3ccc(C(=O)NS(=O)(=O)c4ccc(NCC5CCOCC5)c([N+](=O)[O-])c4)c(Oc4cnc5[nH]ccc5c4)c3)CC2)=C(c2ccc(Cl)cc2)C1,0.34134615384615385,7.32
CCCCNc1ccc(S(=O)(=O)NC(=O)c2ccc(N3CCN(C)CC3)c(Oc3cncnc3)c2)cc1[N+](=O)[O-],CC1(C)CCC(CN2CCN(c3ccc(C(=O)NS(=O)(=O)c4ccc(NCC5CCOCC5)c([N+](=O)[O-])c4)c(Oc4cnc5[nH]ccc5c4)c3)CC2)=C(c2ccc(Cl)cc2)C1,0.37142857142857144,7.32
O=C(NS(=O)(=O)c1ccc(N2CCN(CC(F)(F)F)CC2)c(Cl)c1)c1ccc(NCC2CC2)c(Cl)c1,CC1(C)CCC(CN2CCN(c3ccc(C(=O)NS(=O)(=O)c4ccc(NCC5CCOCC5)c([N+](=O)[O-])c4)c(Oc4cnc5[nH]ccc5c4)c3)CC2)=C(c2ccc(Cl)cc2)C1,0.33658536585365856,7.33
O=C(NS(=O)(=O)c1ccc(N2CCN(CC3CCCC3)CC2=O)cc1)c1ccc(N2CCOCC2)c(Cl)c1,CC1(C)CCC(CN2CCN(c3ccc(C(=O)NS(=O)(=O)c4ccc(NCC5CCOCC5)c([N+](=O)[O-])c4)c(Oc4cnc5[nH]ccc5c4)c3)CC2)=C(c2ccc(Cl)cc2)C1,0.3333333333333333,7.34
CC(C)CNc1ccc(S(=O)(=O)NC(=O)c2ccc(N3CCN(C)CC3)c(Oc3cncnc3)c2)cc1[N+](=O)[O-],CC1(C)CCC(CN2CCN(c3ccc(C(=O)NS(=O)(=O)c4ccc(NCC5CCOCC5)c([N+](=O)[O-])c4)c(Oc4cnc5[nH]ccc5c4)c3)CC2)=C(c2ccc(Cl)cc2)C1,0.36666666666666664,7.34
O=C(NS(=O)(=O)c1ccc(N2CCN(Cc3cccc(Cl)c3)CC2=O)cc1)c1ccc(NCC2CC2)c([N+](=O)[O-])c1,CC1(C)CCC(CN2CCN(c3ccc(C(=O)NS(=O)(=O)c4ccc(NCC5CCOCC5)c([N+](=O)[O-])c4)c(Oc4cnc5[nH]ccc5c4)c3)CC2)=C(c2ccc(Cl)cc2)C1,0.4215686274509804,7.34
O=C(NS(=O)(=O)c1ccccc1Cl)c1ccc(N2CCN(CC3CC3)CC2=O)cc1Oc1cncc(Cl)c1,CC1(C)CCC(CN2CCN(c3ccc(C(=O)NS(=O)(=O)c4ccc(NCC5CCOCC5)c([N+](=O)[O-])c4)c(Oc4cnc5[nH]ccc5c4)c3)CC2)=C(c2ccc(Cl)cc2)C1,0.3492822966507177,7.35
O=C(NS(=O)(=O)c1ccc(OCC(F)(F)F)cc1)c1ccc(N2CCN(CC3CC3)CC2=O)cc1Oc1cnccn1,CC1(C)CCC(CN2CCN(c3ccc(C(=O)NS(=O)(=O)c4ccc(NCC5CCOCC5)c([N+](=O)[O-])c4)c(Oc4cnc5[nH]ccc5c4)c3)CC2)=C(c2ccc(Cl)cc2)C1,0.33181818181818185,7.35
O=C(NS(=O)(=O)c1ccc(OCC(F)(F)F)cc1)c1ccc(N2CCN(CC3CC3)CC2=O)cc1Oc1cncnc1,CC1(C)CCC(CN2CCN(c3ccc(C(=O)NS(=O)(=O)c4ccc(NCC5CCOCC5)c([N+](=O)[O-])c4)c(Oc4cnc5[nH]ccc5c4)c3)CC2)=C(c2ccc(Cl)cc2)C1,0.33181818181818185,7.36
CC(C)(C)OC(=O)N1CCN(c2ccc(C(=O)NS(=O)(=O)c3ccc(Cl)s3)c([N+](=O)[O-])c2)C(=O)C1,CC1(C)CCC(CN2CCN(c3ccc(C(=O)NS(=O)(=O)c4ccc(NCC5CCOCC5)c([N+](=O)[O-])c4)c(Oc4cnc5[nH]ccc5c4)c3)CC2)=C(c2ccc(Cl)cc2)C1,0.25116279069767444,7.36
O=C(NS(=O)(=O)c1ccc(N2CCOCC2)c([N+](=O)[O-])c1)c1ccc(N2CCOCC2)nc1,CC1(C)CCC(CN2CCN(c3ccc(C(=O)NS(=O)(=O)c4ccc(NCC5CCOCC5)c([N+](=O)[O-])c4)c(Oc4cnc5[nH]ccc5c4)c3)CC2)=C(c2ccc(Cl)cc2)C1,0.31862745098039214,7.36
O=C(NS(=O)(=O)c1ccc(N2CCOCC2)c([N+](=O)[O-])c1)c1ccc(N2CCN(CCO)CC2)cc1,CC1(C)CCC(CN2CCN(c3ccc(C(=O)NS(=O)(=O)c4ccc(NCC5CCOCC5)c([N+](=O)[O-])c4)c(Oc4cnc5[nH]ccc5c4)c3)CC2)=C(c2ccc(Cl)cc2)C1,0.3712871287128713,7.38
O=C(NS(=O)(=O)c1ccc(Cl)cc1)c1ccc(N2CCN(CC3CC3)CC2=O)cc1Oc1cnccc1Cl,CC1(C)CCC(CN2CCN(c3ccc(C(=O)NS(=O)(=O)c4ccc(NCC5CCOCC5)c([N+](=O)[O-])c4)c(Oc4cnc5[nH]ccc5c4)c3)CC2)=C(c2ccc(Cl)cc2)C1,0.38235294117647056,7.38
O=C(NS(=O)(=O)c1ccc(N2CCN(CCO)CC2)cc1)c1ccc(N2CCOCC2)c([N+](=O)[O-])c1,CC1(C)CCC(CN2CCN(c3ccc(C(=O)NS(=O)(=O)c4ccc(NCC5CCOCC5)c([N+](=O)[O-])c4)c(Oc4cnc5[nH]ccc5c4)c3)CC2)=C(c2ccc(Cl)cc2)C1,0.35784313725490197,7.38
O=C(NS(=O)(=O)c1ccc(N2CCOCC2)c([N+](=O)[O-])c1)c1ccc(N2CCNCC2)c(Cl)c1,CC1(C)CCC(CN2CCN(c3ccc(C(=O)NS(=O)(=O)c4ccc(NCC5CCOCC5)c([N+](=O)[O-])c4)c(Oc4cnc5[nH]ccc5c4)c3)CC2)=C(c2ccc(Cl)cc2)C1,0.3284313725490196,7.39
N#Cc1ccc(S(=O)(=O)NC(=O)c2ccc(N3CCN(CC4CC4)CC3)cc2Oc2cnccc2Cl)cc1,CC1(C)CCC(CN2CCN(c3ccc(C(=O)NS(=O)(=O)c4ccc(NCC5CCOCC5)c([N+](=O)[O-])c4)c(Oc4cnc5[nH]ccc5c4)c3)CC2)=C(c2ccc(Cl)cc2)C1,0.400990099009901,7.4
O=C(NS(=O)(=O)c1ccc(OCC(F)(F)F)cc1)c1ccc(N2CCN(CCO)CC2)c([N+](=O)[O-])c1,CC1(C)CCC(CN2CCN(c3ccc(C(=O)NS(=O)(=O)c4ccc(NCC5CCOCC5)c([N+](=O)[O-])c4)c(Oc4cnc5[nH]ccc5c4)c3)CC2)=C(c2ccc(Cl)cc2)C1,0.2985781990521327,7.42
O=C(NS(=O)(=O)c1ccc(N2CCOCC2=O)c([N+](=O)[O-])c1)c1ccc(N2CCOCC2)[n+]([O-])c1,CC1(C)CCC(CN2CCN(c3ccc(C(=O)NS(=O)(=O)c4ccc(NCC5CCOCC5)c([N+](=O)[O-])c4)c(Oc4cnc5[nH]ccc5c4)c3)CC2)=C(c2ccc(Cl)cc2)C1,0.28773584905660377,7.42
O=C(NS(=O)(=O)c1ccc(N2CCN(CC3CC3)CC2)cc1)c1ccc(N2CCOCC2)c(F)c1,CC1(C)CCC(CN2CCN(c3ccc(C(=O)NS(=O)(=O)c4ccc(NCC5CCOCC5)c([N+](=O)[O-])c4)c(Oc4cnc5[nH]ccc5c4)c3)CC2)=C(c2ccc(Cl)cc2)C1,0.34146341463414637,7.46
O=C(NS(=O)(=O)c1ccc(N2CCN(CC3CC3)CC2=O)cc1Cl)c1ccc(NCC2CC2)c(Cl)c1,CC1(C)CCC(CN2CCN(c3ccc(C(=O)NS(=O)(=O)c4ccc(NCC5CCOCC5)c([N+](=O)[O-])c4)c(Oc4cnc5[nH]ccc5c4)c3)CC2)=C(c2ccc(Cl)cc2)C1,0.3033175355450237,7.46
O=C(NS(=O)(=O)c1ccc(N2CCOCC2=O)c(F)c1)c1ccc(N2CCOCC2)c(Cl)c1,CC1(C)CCC(CN2CCN(c3ccc(C(=O)NS(=O)(=O)c4ccc(NCC5CCOCC5)c([N+](=O)[O-])c4)c(Oc4cnc5[nH]ccc5c4)c3)CC2)=C(c2ccc(Cl)cc2)C1,0.27014218009478674,7.46
O=C(NS(=O)(=O)c1ccc(N2CCN(Cc3ccc(Cl)s3)CC2=O)cc1)c1ccc(NCC2CC2)c([N+](=O)[O-])c1,CC1(C)CCC(CN2CCN(c3ccc(C(=O)NS(=O)(=O)c4ccc(NCC5CCOCC5)c([N+](=O)[O-])c4)c(Oc4cnc5[nH]ccc5c4)c3)CC2)=C(c2ccc(Cl)cc2)C1,0.4,7.47
O=C(NS(=O)(=O)c1ccc(N2CCN(Cc3ccccc3Cl)CC2)cc1)c1ccc(NCC2CC2)c(Cl)c1,CC1(C)CCC(CN2CCN(c3ccc(C(=O)NS(=O)(=O)c4ccc(NCC5CCOCC5)c([N+](=O)[O-])c4)c(Oc4cnc5[nH]ccc5c4)c3)CC2)=C(c2ccc(Cl)cc2)C1,0.4079601990049751,7.47
O=C(NS(=O)(=O)c1ccc(N2CCOCC2=O)cc1)c1ccc(N2CCN(CC3CC3)CC2=O)c(Cl)c1,CC1(C)CCC(CN2CCN(c3ccc(C(=O)NS(=O)(=O)c4ccc(NCC5CCOCC5)c([N+](=O)[O-])c4)c(Oc4cnc5[nH]ccc5c4)c3)CC2)=C(c2ccc(Cl)cc2)C1,0.3037383177570093,7.47
COc1ccc(S(=O)(=O)NC(=O)c2ccc(N3CCN(CC4CC4)CC3)c(Oc3cncnc3)c2)cc1,CC1(C)CCC(CN2CCN(c3ccc(C(=O)NS(=O)(=O)c4ccc(NCC5CCOCC5)c([N+](=O)[O-])c4)c(Oc4cnc5[nH]ccc5c4)c3)CC2)=C(c2ccc(Cl)cc2)C1,0.33175355450236965,7.47
O=C(NS(=O)(=O)c1ccc(N2CCNCC2)c(Cl)c1)c1ccc(N2CCOCC2=O)cc1,CC1(C)CCC(CN2CCN(c3ccc(C(=O)NS(=O)(=O)c4ccc(NCC5CCOCC5)c([N+](=O)[O-])c4)c(Oc4cnc5[nH]ccc5c4)c3)CC2)=C(c2ccc(Cl)cc2)C1,0.28502415458937197,7.48
O=C(NS(=O)(=O)c1ccc(N2CCN(CCO)CC2)c(Cl)c1)c1ccc(NCC2CC2)c(Cl)c1,CC1(C)CCC(CN2CCN(c3ccc(C(=O)NS(=O)(=O)c4ccc(NCC5CCOCC5)c([N+](=O)[O-])c4)c(Oc4cnc5[nH]ccc5c4)c3)CC2)=C(c2ccc(Cl)cc2)C1,0.34328358208955223,7.48
COc1ccc(S(=O)(=O)NC(=O)c2ccc(N3CCN(CCO)CC3)c(Oc3cncnc3)c2)cc1,CC1(C)CCC(CN2CCN(c3ccc(C(=O)NS(=O)(=O)c4ccc(NCC5CCOCC5)c([N+](=O)[O-])c4)c(Oc4cnc5[nH]ccc5c4)c3)CC2)=C(c2ccc(Cl)cc2)C1,0.3051643192488263,7.5
O=C(NS(=O)(=O)c1ccc(N2CCOCC2=O)c(F)c1)c1ccc(N2CCN(CCO)CC2)c(Cl)c1,CC1(C)CCC(CN2CCN(c3ccc(C(=O)NS(=O)(=O)c4ccc(NCC5CCOCC5)c([N+](=O)[O-])c4)c(Oc4cnc5[nH]ccc5c4)c3)CC2)=C(c2ccc(Cl)cc2)C1,0.29577464788732394,7.5
O=C(NS(=O)(=O)c1ccc(N2CCN(Cc3ccccc3)CC2=O)cc1)c1ccc(NCC2CC2)c([N+](=O)[O-])c1,CC1(C)CCC(CN2CCN(c3ccc(C(=O)NS(=O)(=O)c4ccc(NCC5CCOCC5)c([N+](=O)[O-])c4)c(Oc4cnc5[nH]ccc5c4)c3)CC2)=C(c2ccc(Cl)cc2)C1,0.39805825242718446,7.51
CC(C)Nc1ccc(S(=O)(=O)NC(=O)c2ccc(N3CCN(C)CC3)c(Oc3cncnc3)c2)cc1[N+](=O)[O-],CC1(C)CCC(CN2CCN(c3ccc(C(=O)NS(=O)(=O)c4ccc(NCC5CCOCC5)c([N+](=O)[O-])c4)c(Oc4cnc5[nH]ccc5c4)c3)CC2)=C(c2ccc(Cl)cc2)C1,0.3523809523809524,7.52
O=C(NS(=O)(=O)c1ccc(N2CCN(C/C=C/c3ccccc3)CC2=O)cc1)c1ccc(NCC2CC2)c(Cl)c1,CC1(C)CCC(CN2CCN(c3ccc(C(=O)NS(=O)(=O)c4ccc(NCC5CCOCC5)c([N+](=O)[O-])c4)c(Oc4cnc5[nH]ccc5c4)c3)CC2)=C(c2ccc(Cl)cc2)C1,0.34418604651162793,7.52
O=C(NS(=O)(=O)c1ccc(N2CCOCC2)c(Cl)c1)c1ccc(N2CCOCC2=O)cc1,CC1(C)CCC(CN2CCN(c3ccc(C(=O)NS(=O)(=O)c4ccc(NCC5CCOCC5)c([N+](=O)[O-])c4)c(Oc4cnc5[nH]ccc5c4)c3)CC2)=C(c2ccc(Cl)cc2)C1,0.2912621359223301,7.52
N#Cc1ccc(S(=O)(=O)NC(=O)c2ccc(N3CCN(CC4CC4)CC3)c(Oc3cncnc3)c2)cc1,CC1(C)CCC(CN2CCN(c3ccc(C(=O)NS(=O)(=O)c4ccc(NCC5CCOCC5)c([N+](=O)[O-])c4)c(Oc4cnc5[nH]ccc5c4)c3)CC2)=C(c2ccc(Cl)cc2)C1,0.32547169811320753,7.52
O=C(NS(=O)(=O)c1ccc(N2CCOCC2)c([N+](=O)[O-])c1)c1ccc(N2CCNCC2)cc1,CC1(C)CCC(CN2CCN(c3ccc(C(=O)NS(=O)(=O)c4ccc(NCC5CCOCC5)c([N+](=O)[O-])c4)c(Oc4cnc5[nH]ccc5c4)c3)CC2)=C(c2ccc(Cl)cc2)C1,0.345,7.53
O=C(NS(=O)(=O)c1ccc(Cl)s1)c1ccc(N2C=CN(CC3CC3)CC2)c(Oc2cncc(Cl)c2)c1,CC1(C)CCC(CN2CCN(c3ccc(C(=O)NS(=O)(=O)c4ccc(NCC5CCOCC5)c([N+](=O)[O-])c4)c(Oc4cnc5[nH]ccc5c4)c3)CC2)=C(c2ccc(Cl)cc2)C1,0.2764976958525346,7.53
O=C(NS(=O)(=O)c1ccc(OCC(F)(F)F)cc1)c1ccc(N2CCN(CCO)CC2)c(Oc2cnc(Cl)s2)c1,CC1(C)CCC(CN2CCN(c3ccc(C(=O)NS(=O)(=O)c4ccc(NCC5CCOCC5)c([N+](=O)[O-])c4)c(Oc4cnc5[nH]ccc5c4)c3)CC2)=C(c2ccc(Cl)cc2)C1,0.2927927927927928,7.53
O=C(NS(=O)(=O)c1ccc(N2CCN(CC3CCC3)CC2)cc1)c1ccc(N2CCOCC2)c(Cl)c1,CC1(C)CCC(CN2CCN(c3ccc(C(=O)NS(=O)(=O)c4ccc(NCC5CCOCC5)c([N+](=O)[O-])c4)c(Oc4cnc5[nH]ccc5c4)c3)CC2)=C(c2ccc(Cl)cc2)C1,0.35609756097560974,7.54
O=C(NS(=O)(=O)c1ccc(N2CCN(C/C=C/c3ccccc3)CC2=O)cc1)c1ccc(NCC2CC2)c([N+](=O)[O-])c1,CC1(C)CCC(CN2CCN(c3ccc(C(=O)NS(=O)(=O)c4ccc(NCC5CCOCC5)c([N+](=O)[O-])c4)c(Oc4cnc5[nH]ccc5c4)c3)CC2)=C(c2ccc(Cl)cc2)C1,0.38028169014084506,7.54
O=C(NS(=O)(=O)c1ccc(OCC(F)(F)F)cc1)c1ccc(N2CCN(CC3CC3)CC2=O)cc1Oc1cnc(F)s1,CC1(C)CCC(CN2CCN(c3ccc(C(=O)NS(=O)(=O)c4ccc(NCC5CCOCC5)c([N+](=O)[O-])c4)c(Oc4cnc5[nH]ccc5c4)c3)CC2)=C(c2ccc(Cl)cc2)C1,0.32727272727272727,7.55
O=C(NS(=O)(=O)c1ccc(N2CCN(CC(F)(F)F)CC2)cc1)c1ccc(N2CCOCC2)c(F)c1,CC1(C)CCC(CN2CCN(c3ccc(C(=O)NS(=O)(=O)c4ccc(NCC5CCOCC5)c([N+](=O)[O-])c4)c(Oc4cnc5[nH]ccc5c4)c3)CC2)=C(c2ccc(Cl)cc2)C1,0.3018867924528302,7.55
O=C(NS(=O)(=O)c1ccc(N2CCN(CC3CC3)CC2=O)cc1)c1ccc(N2CCCCC2)c([N+](=O)[O-])c1,CC1(C)CCC(CN2CCN(c3ccc(C(=O)NS(=O)(=O)c4ccc(NCC5CCOCC5)c([N+](=O)[O-])c4)c(Oc4cnc5[nH]ccc5c4)c3)CC2)=C(c2ccc(Cl)cc2)C1,0.330188679245283,7.56
O=C(NS(=O)(=O)c1ccc(N2CCN(CC3CCCO3)C2=O)cc1)c1ccc(N2CCOCC2)c(Cl)c1,CC1(C)CCC(CN2CCN(c3ccc(C(=O)NS(=O)(=O)c4ccc(NCC5CCOCC5)c([N+](=O)[O-])c4)c(Oc4cnc5[nH]ccc5c4)c3)CC2)=C(c2ccc(Cl)cc2)C1,0.30092592592592593,7.57
O=C(NS(=O)(=O)c1ccc(N2CCN(CC3CCCC3)CC2=O)cc1)c1ccc(NCC2CC2)c(Cl)c1,CC1(C)CCC(CN2CCN(c3ccc(C(=O)NS(=O)(=O)c4ccc(NCC5CCOCC5)c([N+](=O)[O-])c4)c(Oc4cnc5[nH]ccc5c4)c3)CC2)=C(c2ccc(Cl)cc2)C1,0.3333333333333333,7.57
O=C(NS(=O)(=O)c1ccc(OCC(F)(F)F)cc1)c1ccc(N2CCN(CC3CC3)CC2=O)cc1O,CC1(C)CCC(CN2CCN(c3ccc(C(=O)NS(=O)(=O)c4ccc(NCC5CCOCC5)c([N+](=O)[O-])c4)c(Oc4cnc5[nH]ccc5c4)c3)CC2)=C(c2ccc(Cl)cc2)C1,0.2863849765258216,7.61
O=C(NS(=O)(=O)c1ccccc1)c1ccc(N2CCN(CC3CC3)CC2=O)c(Oc2cnc(Cl)s2)c1,CC1(C)CCC(CN2CCN(c3ccc(C(=O)NS(=O)(=O)c4ccc(NCC5CCOCC5)c([N+](=O)[O-])c4)c(Oc4cnc5[nH]ccc5c4)c3)CC2)=C(c2ccc(Cl)cc2)C1,0.2824074074074074,7.63
CC(=O)Nc1ccc(S(=O)(=O)NC(=O)c2ccc(N3CCN(C)CC3)c(Oc3cncnc3)c2)cc1,CC1(C)CCC(CN2CCN(c3ccc(C(=O)NS(=O)(=O)c4ccc(NCC5CCOCC5)c([N+](=O)[O-])c4)c(Oc4cnc5[nH]ccc5c4)c3)CC2)=C(c2ccc(Cl)cc2)C1,0.29439252336448596,7.63
CC(C)CNc1ccc(S(=O)(=O)NC(=O)c2ccc(N3CCN(C)CC3)c(Oc3cncn3C)c2)cc1[N+](=O)[O-],CC1(C)CCC(CN2CCN(c3ccc(C(=O)NS(=O)(=O)c4ccc(NCC5CCOCC5)c([N+](=O)[O-])c4)c(Oc4cnc5[nH]ccc5c4)c3)CC2)=C(c2ccc(Cl)cc2)C1,0.3490566037735849,7.65
O=C(NS(=O)(=O)c1ccc(N2CCNCC2)c([N+](=O)[O-])c1)c1ccc(N2CCNCC2)c(Cl)c1,CC1(C)CCC(CN2CCN(c3ccc(C(=O)NS(=O)(=O)c4ccc(NCC5CCOCC5)c([N+](=O)[O-])c4)c(Oc4cnc5[nH]ccc5c4)c3)CC2)=C(c2ccc(Cl)cc2)C1,0.2966507177033493,7.66
CC(C)(C)OC(=O)Nc1ccc(S(=O)(=O)NC(=O)c2ccc(N3CCN(CC(F)(F)F)CC3)c3[nH]cnc23)cc1,CC1(C)CCC(CN2CCN(c3ccc(C(=O)NS(=O)(=O)c4ccc(NCC5CCOCC5)c([N+](=O)[O-])c4)c(Oc4cnc5[nH]ccc5c4)c3)CC2)=C(c2ccc(Cl)cc2)C1,0.2895927601809955,7.66
COc1ccc(S(=O)(=O)NC(=O)c2ccc(N3CCN(CCO)CC3)c(Oc3cnc(C)c(Cl)c3)c2)cc1,CC1(C)CCC(CN2CCN(c3ccc(C(=O)NS(=O)(=O)c4ccc(NCC5CCOCC5)c([N+](=O)[O-])c4)c(Oc4cnc5[nH]ccc5c4)c3)CC2)=C(c2ccc(Cl)cc2)C1,0.3492822966507177,7.67
O=C(NS(=O)(=O)c1ccc(Cl)cc1)c1ccc(N2CCN(CC3CC3)CC2=O)c(Oc2cncc(Cl)c2)c1,CC1(C)CCC(CN2CCN(c3ccc(C(=O)NS(=O)(=O)c4ccc(NCC5CCOCC5)c([N+](=O)[O-])c4)c(Oc4cnc5[nH]ccc5c4)c3)CC2)=C(c2ccc(Cl)cc2)C1,0.3492822966507177,7.68
O=C(NS(=O)(=O)c1ccc(N2CCNCC2)c([N+](=O)[O-])c1)c1ccc(N2CCN(CCO)CC2)cc1,CC1(C)CCC(CN2CCN(c3ccc(C(=O)NS(=O)(=O)c4ccc(NCC5CCOCC5)c([N+](=O)[O-])c4)c(Oc4cnc5[nH]ccc5c4)c3)CC2)=C(c2ccc(Cl)cc2)C1,0.3446601941747573,7.68
Nc1ccc(S(=O)(=O)NC(=O)c2ccc(N3CCN(CC4CC4)CC3)c(Oc3cncnc3)c2)cc1,CC1(C)CCC(CN2CCN(c3ccc(C(=O)NS(=O)(=O)c4ccc(NCC5CCOCC5)c([N+](=O)[O-])c4)c(Oc4cnc5[nH]ccc5c4)c3)CC2)=C(c2ccc(Cl)cc2)C1,0.33014354066985646,7.7
O=C(NS(=O)(=O)c1ccc(N2CCOCC2=O)c(F)c1)c1ccc(N2CCN(CC3CC3)CC2)cc1Cl,CC1(C)CCC(CN2CCN(c3ccc(C(=O)NS(=O)(=O)c4ccc(NCC5CCOCC5)c([N+](=O)[O-])c4)c(Oc4cnc5[nH]ccc5c4)c3)CC2)=C(c2ccc(Cl)cc2)C1,0.36764705882352944,7.7
O=C(NS(=O)(=O)c1ccc(N2CCN(CC(F)(F)F)CC2)cc1)c1ccc(N2CCCCC2)c([N+](=O)[O-])c1,CC1(C)CCC(CN2CCN(c3ccc(C(=O)NS(=O)(=O)c4ccc(NCC5CCOCC5)c([N+](=O)[O-])c4)c(Oc4cnc5[nH]ccc5c4)c3)CC2)=C(c2ccc(Cl)cc2)C1,0.3192488262910798,7.71
O=C(NS(=O)(=O)c1ccc(OCC(F)(F)F)cc1)c1ccc(N2CCN(CC3CC3)CC2)c(Oc2cnc(Cl)s2)c1,CC1(C)CCC(CN2CCN(c3ccc(C(=O)NS(=O)(=O)c4ccc(NCC5CCOCC5)c([N+](=O)[O-])c4)c(Oc4cnc5[nH]ccc5c4)c3)CC2)=C(c2ccc(Cl)cc2)C1,0.3242009132420091,7.73
O=C(NS(=O)(=O)c1ccc(N2CCN(CCO)CC2)c([N+](=O)[O-])c1)c1ccc(N2CCOCC2)c(F)c1,CC1(C)CCC(CN2CCN(c3ccc(C(=O)NS(=O)(=O)c4ccc(NCC5CCOCC5)c([N+](=O)[O-])c4)c(Oc4cnc5[nH]ccc5c4)c3)CC2)=C(c2ccc(Cl)cc2)C1,0.34134615384615385,7.74
O=C(NS(=O)(=O)c1ccc(OCC(F)(F)F)cc1)c1ccc(N2CCN(CC3CC3)CC2=O)cc1Oc1cncs1,CC1(C)CCC(CN2CCN(c3ccc(C(=O)NS(=O)(=O)c4ccc(NCC5CCOCC5)c([N+](=O)[O-])c4)c(Oc4cnc5[nH]ccc5c4)c3)CC2)=C(c2ccc(Cl)cc2)C1,0.3242009132420091,7.75
O=C(NS(=O)(=O)c1ccc(N2CCN(CCO)CC2)c([N+](=O)[O-])c1)c1ccc(NCC2CC2)c(Cl)c1,CC1(C)CCC(CN2CCN(c3ccc(C(=O)NS(=O)(=O)c4ccc(NCC5CCOCC5)c([N+](=O)[O-])c4)c(Oc4cnc5[nH]ccc5c4)c3)CC2)=C(c2ccc(Cl)cc2)C1,0.39593908629441626,7.75
COc1ccc(S(=O)(=O)NC(=O)c2ccc(N3CCN(CCO)CC3)c(Oc3cnc(Cl)c(Cl)c3)c2)cc1,CC1(C)CCC(CN2CCN(c3ccc(C(=O)NS(=O)(=O)c4ccc(NCC5CCOCC5)c([N+](=O)[O-])c4)c(Oc4cnc5[nH]ccc5c4)c3)CC2)=C(c2ccc(Cl)cc2)C1,0.34285714285714286,7.76
O=C(NS(=O)(=O)c1ccc(OCC2CC2)c(Cl)c1)c1ccc(N2CCN(CC3CC3)CC2=O)cc1,CC1(C)CCC(CN2CCN(c3ccc(C(=O)NS(=O)(=O)c4ccc(NCC5CCOCC5)c([N+](=O)[O-])c4)c(Oc4cnc5[nH]ccc5c4)c3)CC2)=C(c2ccc(Cl)cc2)C1,0.3,7.76
O=C(NS(=O)(=O)c1ccc(N2CCN(CCO)CC2)c([N+](=O)[O-])c1)c1ccc(N2CCOCC2)c(Cl)c1,CC1(C)CCC(CN2CCN(c3ccc(C(=O)NS(=O)(=O)c4ccc(NCC5CCOCC5)c([N+](=O)[O-])c4)c(Oc4cnc5[nH]ccc5c4)c3)CC2)=C(c2ccc(Cl)cc2)C1,0.35436893203883496,7.78
O=C(NS(=O)(=O)c1ccc(N2CCN(CC(F)(F)F)CC2)c(Cl)c1)c1ccc(NCC2CC2)c(F)c1,CC1(C)CCC(CN2CCN(c3ccc(C(=O)NS(=O)(=O)c4ccc(NCC5CCOCC5)c([N+](=O)[O-])c4)c(Oc4cnc5[nH]ccc5c4)c3)CC2)=C(c2ccc(Cl)cc2)C1,0.33658536585365856,7.79
O=C(NS(=O)(=O)c1ccc(N2CCN(CC3CC3)CC2=O)cc1)c1ccc(NC2CCCCC2)c([N+](=O)[O-])c1,CC1(C)CCC(CN2CCN(c3ccc(C(=O)NS(=O)(=O)c4ccc(NCC5CCOCC5)c([N+](=O)[O-])c4)c(Oc4cnc5[nH]ccc5c4)c3)CC2)=C(c2ccc(Cl)cc2)C1,0.3317757009345794,7.79
O=C(NS(=O)(=O)c1ccc(N2CCN(CC(F)(F)F)CC2)c(Cl)c1)c1ccc(N2CCOCC2)c([N+](=O)[O-])c1,CC1(C)CCC(CN2CCN(c3ccc(C(=O)NS(=O)(=O)c4ccc(NCC5CCOCC5)c([N+](=O)[O-])c4)c(Oc4cnc5[nH]ccc5c4)c3)CC2)=C(c2ccc(Cl)cc2)C1,0.33490566037735847,7.8
O=C(NS(=O)(=O)c1ccc(N2CCN(Cc3cccc(Cl)c3)CC2=O)cc1)c1ccc(NCC2CC2)c(Cl)c1,CC1(C)CCC(CN2CCN(c3ccc(C(=O)NS(=O)(=O)c4ccc(NCC5CCOCC5)c([N+](=O)[O-])c4)c(Oc4cnc5[nH]ccc5c4)c3)CC2)=C(c2ccc(Cl)cc2)C1,0.3701923076923077,7.8
CC(C)(C)OC(=O)N1CCN(c2ccc(C(=O)NS(=O)(=O)c3ccc(N)c(F)c3)c(Oc3cnc[nH]3)c2)CC1,CC1(C)CCC(CN2CCN(c3ccc(C(=O)NS(=O)(=O)c4ccc(NCC5CCOCC5)c([N+](=O)[O-])c4)c(Oc4cnc5[nH]ccc5c4)c3)CC2)=C(c2ccc(Cl)cc2)C1,0.33490566037735847,7.84
O=C(NS(=O)(=O)c1ccc(N2CCOCC2=O)cc1)c1ccc(N2CCN(CC3CC3)CC2=O)cc1,CC1(C)CCC(CN2CCN(c3ccc(C(=O)NS(=O)(=O)c4ccc(NCC5CCOCC5)c([N+](=O)[O-])c4)c(Oc4cnc5[nH]ccc5c4)c3)CC2)=C(c2ccc(Cl)cc2)C1,0.3004694835680751,7.85
O=C(NS(=O)(=O)c1ccc(N2CCN(Cc3ccccc3Cl)CC2=O)cc1)c1ccc(N2CCOCC2)c([N+](=O)[O-])c1,CC1(C)CCC(CN2CCN(c3ccc(C(=O)NS(=O)(=O)c4ccc(NCC5CCOCC5)c([N+](=O)[O-])c4)c(Oc4cnc5[nH]ccc5c4)c3)CC2)=C(c2ccc(Cl)cc2)C1,0.3674418604651163,7.86
O=C(NS(=O)(=O)c1ccc(N2CCN(Cc3cccc(F)c3)CC2=O)cc1)c1ccc(NCC2CC2)c([N+](=O)[O-])c1,CC1(C)CCC(CN2CCN(c3ccc(C(=O)NS(=O)(=O)c4ccc(NCC5CCOCC5)c([N+](=O)[O-])c4)c(Oc4cnc5[nH]ccc5c4)c3)CC2)=C(c2ccc(Cl)cc2)C1,0.40096618357487923,7.88
O=C(NS(=O)(=O)c1ccc(N2CCOCC2=O)c([N+](=O)[O-])c1)c1ccc(N2CCN(CCO)CC2)cc1,CC1(C)CCC(CN2CCN(c3ccc(C(=O)NS(=O)(=O)c4ccc(NCC5CCOCC5)c([N+](=O)[O-])c4)c(Oc4cnc5[nH]ccc5c4)c3)CC2)=C(c2ccc(Cl)cc2)C1,0.35436893203883496,7.92
O=C(NS(=O)(=O)c1ccc(OCC(F)(F)F)c(Cl)c1)c1ccc(N2CCN(CCO)CC2)c(Oc2cnc(Cl)s2)c1,CC1(C)CCC(CN2CCN(c3ccc(C(=O)NS(=O)(=O)c4ccc(NCC5CCOCC5)c([N+](=O)[O-])c4)c(Oc4cnc5[nH]ccc5c4)c3)CC2)=C(c2ccc(Cl)cc2)C1,0.28444444444444444,7.94
O=C(NS(=O)(=O)c1ccc(N2CCOCC2=O)c(Cl)c1)c1ccc(N2CCN(CC(F)F)CC2)cc1,CC1(C)CCC(CN2CCN(c3ccc(C(=O)NS(=O)(=O)c4ccc(NCC5CCOCC5)c([N+](=O)[O-])c4)c(Oc4cnc5[nH]ccc5c4)c3)CC2)=C(c2ccc(Cl)cc2)C1,0.3142857142857143,7.95
